{
  "Version": "2012-10-17",
  "Statement": [
    {
      "Sid": "AllowDescribeDBClusters",
      "Effect": "Allow",
      "Action": [
        "rds:DescribeDBClusters"
      ],
      "Resource": "arn:aws:rds:us-east-1:370569472449:cluster:*"
    },
    {
      "Sid": "AllowRdsDataAPI",
      "Effect": "Allow",
      "Action": [
        "rds-data:ExecuteStatement",
        "rds-data:BatchExecuteStatement"
      ],
      "Resource": "arn:aws:rds:us-east-1:370569472449:cluster:*"
    }
  ]
}
